"Labels","ambNinfo","ambCinfo","GCrun"
"Amb1",26.4866,57.9376,"20141201_Jankowski"
"Amb2",26.4798,51.6948,"20141201_Jankowski"
"Amb3",26.7676,57.398,"20141201_Jankowski"
"Amb4",26.3474,58.8352,"20141201_Jankowski"
"Mean",26.52035,56.4664,"20141201_Jankowski"
"Std",0.176849870417444,3.23582488195308,"20141201_Jankowski"
"Count",4,4,"20141201_Jankowski"
"CV",0.00666845914241118,0.0573053157621715,"20141201_Jankowski"
