"Labels","ambNinfo","ambCinfo","ambCHinfo","GCrun"
"Amb1",19.7718,73.0468,11.0752,"20140313_Z"
"Amb2",19.5838,61.0656,11.1008,"20140313_Z"
"Amb3",19.6356,60.442,10.8682,"20140313_Z"
"Amb4",19.4592,52.1436,11.0736,"20140313_Z"
"Mean",19.6126,61.6745,11.02945,"20140313_Z"
"Std",0.129402009257971,8.60343105123377,0.108219945789428,"20140313_Z"
"Count",4,4,4,"20140313_Z"
"CV",0.0065979018211747,0.139497378190886,0.0098119077369613,"20140313_Z"
