"Labels","ambNinfo","ambCinfo","GCrun"
"Amb1",18.5364,55.9144,"20140416_J"
"Amb2",18.2968,71.6216,"20140416_J"
"Amb3",17.8404,78.8108,"20140416_J"
"Amb4",18.2598,70.7536,"20140416_J"
"Mean",18.23335,69.2751,"20140416_J"
"Std",0.289237220979597,9.61127642372923,"20140416_J"
"Count",4,4,"20140416_J"
"CV",0.0158630871989841,0.138740708042705,"20140416_J"
