"Labels","ambNinfo","ambCinfo","GCrun"
"Amb1",27.7716,82.8034,"20131105_BB"
"Amb2",29.4736,79.8722,"20131105_BB"
"Amb3",28.9208,84.8152,"20131105_BB"
"Amb4",29.2508,78.5244,"20131105_BB"
"Mean",28.8542,81.5038,"20131105_BB"
"Std",0.756616644455214,2.83979301123632,"20131105_BB"
"Count",4,4,"20131105_BB"
"CV",0.026222062800397,0.0348424614709538,"20131105_BB"
