"Labels","ambNinfo","ambCinfo","GCrun"
"Amb1",26.9184,55.7188,"20140701_Leak4"
"Amb2",27.325,60.4468,"20140701_Leak4"
"Amb3",27.1326,66.5372,"20140701_Leak4"
"Amb4",27.3354,63.2906,"20140701_Leak4"
"Mean",27.17785,61.49835,"20140701_Leak4"
"Std",0.196500203562236,4.5866154911147,"20140701_Leak4"
"Count",4,4,"20140701_Leak4"
"CV",0.00723015998551159,0.0745811146333958,"20140701_Leak4"
