"Labels","ambNinfo","ambCinfo","GCrun"
"Amb1",37.966,70.4474,"20140416_V"
"Amb2",38.1792,80.5452,"20140416_V"
"Amb3",38.386,93.46,"20140416_V"
"Amb4",39.0356,64.8856,"20140416_V"
"Mean",38.3917,77.33455,"20140416_V"
"Std",0.462246846032147,12.5531882052595,"20140416_V"
"Count",4,4,"20140416_V"
"CV",0.012040280738601,0.162323155759741,"20140416_V"
