"Labels","ambNinfo","ambCinfo","GCrun"
"Amb1",10.5608,54.2106,"20140418_P"
"Amb2",10.6998,63.4356,"20140418_P"
"Amb3",10.7476,64.2744,"20140418_P"
"Amb4",10.8536,64.1912,"20140418_P"
"Mean",10.71545,61.52795,"20140418_P"
"Std",0.121491549774734,4.89280518414539,"20140418_P"
"Count",4,4,"20140418_P"
"CV",0.0113379792518965,0.0795216675371988,"20140418_P"
