"Labels","ambNinfo","ambCinfo","ambCHinfo","GCrun"
"Amb1",12.3404,58.3176,13.5404,"20131107_Y"
"Amb2",12.0608,60.0192,12.8068,"20131107_Y"
"Amb3",12.6902,60.1608,13.3816,"20131107_Y"
"Amb4",12.7612,61.9504,13.4652,"20131107_Y"
"Mean",12.46315,60.112,13.2985,"20131107_Y"
"Std",0.325237651571893,1.48442797063381,0.33415515358388,"20131107_Y"
"Count",4,4,4,"20131107_Y"
"CV",0.0260959429656141,0.0246943700198597,0.025127281541819,"20131107_Y"
