"Labels","ambNinfo","ambCinfo","ambCHinfo","GCrun"
"Amb1",19.6684,59.5226,11.1484,"20140311_X"
"Amb2",20.0146,53.66,11.0216,"20140311_X"
"Amb3",19.8932,48.181,10.8768,"20140311_X"
"Amb4",19.57,55.8672,11.176,"20140311_X"
"Mean",19.78655,54.3077,11.0557,"20140311_X"
"Std",0.203498034388542,4.74633860429981,0.136910433008835,"20140311_X"
"Count",4,4,4,"20140311_X"
"CV",0.0102846648045537,0.0873971573883595,0.0123836964650665,"20140311_X"
