"Labels","ambNinfo","ambCinfo","GCrun"
"Amb1",11.8928,67.0048,"20131106_W"
"Amb2",12.2492,77.9324,"20131106_W"
"Amb3",12.014,66.8712,"20131106_W"
"Amb4",12.1948,67.672,"20131106_W"
"Mean",12.0877,69.8701,"20131106_W"
"Std",0.164286700618158,5.38626865897596,"20131106_W"
"Count",4,4,"20131106_W"
"CV",0.0135912291517954,0.0770897516817059,"20131106_W"
