"Labels","ambNinfo","ambCinfo","ambCHinfo","GCrun"
"Amb1",13.0648,55.7472,13.338,"20131105_U"
"Amb2",11.9532,55.4462,13.5664,"20131105_U"
"Amb3",12.1828,53.5024,13.5444,"20131105_U"
"Amb4",12.0868,53.5412,13.7804,"20131105_U"
"Mean",12.3219,54.55925,13.5573,"20131105_U"
"Std",0.504136529126783,1.20433428775679,0.180845532614623,"20131105_U"
"Count",4,4,4,"20131105_U"
"CV",0.0409138630508917,0.0220738790902879,0.0133393472604887,"20131105_U"
