"Labels","ambNinfo","ambCinfo","GCrun"
"Amb1",27.5396,78.1234,"20131108_Z"
"Amb2",27.4938,80.1592,"20131108_Z"
"Amb3",26.9764,78.943,"20131108_Z"
"Amb4",27.6272,81.0882,"20131108_Z"
"Mean",27.40925,79.57845,"20131108_Z"
"Std",0.293825997261417,1.30863578202646,"20131108_Z"
"Count",4,4,"20131108_Z"
"CV",0.0107199575786064,0.0164446000396647,"20131108_Z"
