"Labels","ambNinfo","ambCinfo","ambCHinfo","GCrun"
"Amb1",25.6748,53.3244,10.0364,"20140613_Leak1"
"Amb2",26.0558,52.1008,9.8272,"20140613_Leak1"
"Amb3",26.0432,52.2552,9.7912,"20140613_Leak1"
"Amb4",26.642,52.535,9.7308,"20140613_Leak1"
"Mean",26.10395,52.55385,9.8464,"20140613_Leak1"
"Std",0.399865189782756,0.544226898146963,0.132764252216727,"20140613_Leak1"
"Count",4,4,4,"20140613_Leak1"
"CV",0.0153181870859681,0.0103556047396521,0.0134835322774544,"20140613_Leak1"
