"Labels","ambNinfo","ambCinfo","GCrun"
"Amb1",35.4904,49.161,"20140310_H"
"Amb2",35.0648,49.0688,"20140310_H"
"Amb3",35.4028,43.592,"20140310_H"
"Amb4",36.1832,45.9764,"20140310_H"
"Mean",35.5353,46.94955,"20140310_H"
"Std",0.469296253270079,2.68339924908688,"20140310_H"
"Count",4,4,"20140310_H"
"CV",0.0132064806901892,0.0571549514124603,"20140310_H"
