"Labels","ambNinfo","ambCinfo","GCrun"
"Amb1",23.316,75.2464,"20140905_Leak12"
"Amb2",22.9436,78.3718,"20140905_Leak12"
"Amb3",23.2808,80.692,"20140905_Leak12"
"Amb4",23.1956,66.994,"20140905_Leak12"
"Mean",23.184,75.32605,"20140905_Leak12"
"Std",0.16804856440922,5.98607867723103,"20140905_Leak12"
"Count",4,4,"20140905_Leak12"
"CV",0.00724847154974208,0.0794689045453867,"20140905_Leak12"
