"Labels","ambNinfo","ambCinfo","GCrun"
"Amb1",10.035,57.9014,"20140113_X"
"Amb2",10.636,58.0384,"20140113_X"
"Amb3",10.235,58.13,"20140113_X"
"Amb4",10.95,57.5954,"20140113_X"
"Mean",10.464,57.9163,"20140113_X"
"Std",0.409170706022152,0.233648539477569,"20140113_X"
"Count",4,4,"20140113_X"
"CV",0.0391027050862148,0.00403424492720648,"20140113_X"
