"Labels","ambNinfo","ambCinfo","GCrun"
"Amb1",10.3176,46.5748,"20140605_Trav"
"Amb2",9.036,47.624,"20140605_Trav"
"Amb3",9.5964,47.1424,"20140605_Trav"
"Amb4",9.0236,45.8152,"20140605_Trav"
"Mean",9.4934,46.7891,"20140605_Trav"
"Std",0.610966840344057,0.778092668002985,"20140605_Trav"
"Count",4,4,"20140605_Trav"
"CV",0.0643570101695975,0.0166297848858598,"20140605_Trav"
