"Labels","ambNinfo","ambCinfo","GCrun"
"Amb1",19.7718,73.0468,"20140313_Z"
"Amb2",19.5838,61.0656,"20140313_Z"
"Amb3",19.6356,60.442,"20140313_Z"
"Amb4",19.4592,52.1436,"20140313_Z"
"Mean",19.6126,61.6745,"20140313_Z"
"Std",0.129402009257971,8.60343105123377,"20140313_Z"
"Count",4,4,"20140313_Z"
"CV",0.0065979018211747,0.139497378190886,"20140313_Z"
