"Labels","ambNinfo","ambCinfo","GCrun"
"Amb1",13.0648,55.7472,"20131105_U"
"Amb2",11.9532,55.4462,"20131105_U"
"Amb3",12.1828,53.5024,"20131105_U"
"Amb4",12.0868,53.5412,"20131105_U"
"Mean",12.3219,54.55925,"20131105_U"
"Std",0.504136529126783,1.20433428775679,"20131105_U"
"Count",4,4,"20131105_U"
"CV",0.0409138630508917,0.0220738790902879,"20131105_U"
