"Labels","ambNinfo","ambCinfo","GCrun"
"Amb1",17.5912,55.0228,"20140310_U"
"Amb2",17.8588,55.35,"20140310_U"
"Amb3",17.2584,56.2944,"20140310_U"
"Amb4",17.5822,56.1692,"20140310_U"
"Mean",17.57265,55.7091,"20140310_U"
"Std",0.245676067210462,0.62027644374639,"20140310_U"
"Count",4,4,"20140310_U"
"CV",0.0139805929788883,0.0111342032764196,"20140310_U"
