"timezeroLabs","timezeroNinfo","timezeroCinfo","GCrun"
"F2-D-25-T0",0.350969099427099,629.465071644205,"20140310_H"
"F2-E-25-T0",0.363099477588919,589.771294782646,"20140310_H"
"time zero mean",0.357034288508009,609.618183213425,"20140310_H"
"time zero sd",0.00857747265657978,28.0677387897138,"20140310_H"
"time zero CV",0.0240242266153867,0.0460415052611502,"20140310_H"
"time zero sd allow",2,2,"20140310_H"
"time zero upper limit",0.374189233821169,665.753660792853,"20140310_H"
"time zero lower limit",0.33987934319485,553.482705633998,"20140310_H"
