"timezeroLabs","timezeroNinfo","timezeroCinfo","GCrun"
"F2-D-25-T0",0.351082353524557,631.96537460018,"20140310_H"
"F2-E-25-T0",0.363300546011527,592.017917969985,"20140310_H"
"time zero mean",0.357191449768042,611.991646285083,"20140310_H"
"time zero sd",0.00863956676137877,28.247117474367,"20140310_H"
"time zero CV",0.0241874959968646,0.0461560507334257,"20140310_H"
"time zero sd allow",2,2,"20140310_H"
"time zero upper limit",0.374470583290799,668.485881233816,"20140310_H"
"time zero lower limit",0.339912316245284,555.497411336349,"20140310_H"
